{
  "accuracy": 0.904,
  "f1_macro": 0.9038,
  "f1_weighted": 0.904,
  "classification_report": {
    "World": {
      "precision": 0.9621848739495799,
      "recall": 0.8609022556390977,
      "f1-score": 0.9087301587301587,
      "support": 266.0
    },
    "Sports": {
      "precision": 0.953125,
      "recall": 0.991869918699187,
      "f1-score": 0.9721115537848606,
      "support": 246.0
    },
    "Business": {
      "precision": 0.875,
      "recall": 0.8536585365853658,
      "f1-score": 0.8641975308641975,
      "support": 246.0
    },
    "Sci/Tech": {
      "precision": 0.8308270676691729,
      "recall": 0.9132231404958677,
      "f1-score": 0.8700787401574803,
      "support": 242.0
    },
    "accuracy": 0.904,
    "macro avg": {
      "precision": 0.9052842354046882,
      "recall": 0.9049134628548795,
      "f1-score": 0.9037794958841743,
      "support": 1000.0
    },
    "weighted avg": {
      "precision": 0.9067200768465282,
      "recall": 0.904,
      "f1-score": 0.9040133121640007,
      "support": 1000.0
    }
  },
  "confusion_matrix": [
    [
      229,
      9,
      13,
      15
    ],
    [
      1,
      244,
      0,
      1
    ],
    [
      4,
      3,
      210,
      29
    ],
    [
      4,
      0,
      17,
      221
    ]
  ],
  "confidence_stats": {
    "correct_mean": 0.9366,
    "correct_std": 0.0922,
    "incorrect_mean": 0.7988,
    "incorrect_std": 0.1594
  }
}